Model,Model_Family,Tuning_Status,CV_Best_RMSE,MAE,RMSE,R2,MedAE,Bias,MAPE_%
XGBoost_untuned,XGBoost,Untuned,,4089.6565123776354,7587.251670127547,0.941703070350192,2163.85791015625,-192.67897213855423,12.419259936461016
XGBoost_tuned,XGBoost,Tuned,9908.43944642588,3832.8617416933357,7700.574011798985,0.9399486325956193,1921.154296875,-240.64423063347138,11.077769626728921
RandomForest_untuned,RandomForest,Untuned,,3855.4168940982368,8159.859256378241,0.9325717267152107,1631.7709126984137,-140.24967804377806,10.596690380834316
RandomForest_tuned,RandomForest,Tuned,10443.500071073964,3832.152969263446,8202.311479693613,0.9318683012886378,1533.3844937359427,19.160895531766183,10.48691412510613
